[
  {
    "id": "penne-arrabiata-epicee",
    "nom": "Penne Arrabiata Épicée",
    "type": "plat",
    "tempsPreparation": 15,
    "tempsCuisson": 20,
    "personnes": 4,
    "image": "https://www.themealdb.com/images/media/meals/ustsqw1468250014.jpg",
    "ingredients": [
      {
        "nom": "Penne rigate",
        "quantite": 1.0,
        "unite": "livre"
      },
      {
        "nom": "Huile d'olive",
        "quantite": 0.25,
        "unite": "tasse"
      },
      {
        "nom": "Ail",
        "quantite": 3.0,
        "unite": "gousses"
      },
      {
        "nom": "Tomates hachées",
        "quantite": 1.0,
        "unite": "boîte"
      },
      {
        "nom": "Flocons de piment rouge",
        "quantite": 0.5,
        "unite": "cuillère à café"
      },
      {
        "nom": "Assaisonnement italien",
        "quantite": 0.5,
        "unite": "cuillère à café"
      },
      {
        "nom": "Basilic",
        "quantite": 6.0,
        "unite": "feuilles"
      },
      {
        "nom": "Parmigiano-reggiano",
        "quantite": 0.0,
        "unite": "pincée"
      }
    ],
    "etapes": [
      "Porter une grande casserole d'eau à ébullition.",
      "Ajouter du sel casher à l'eau bouillante, puis ajouter les pâtes.",
      "Cuire selon les instructions de l'emballage, environ 9 minutes.",
      "Dans une grande poêle à feu moyen-élevé, ajouter l'huile d'olive et chauffer jusqu'à ce que l'huile commence à briller.",
      "Ajouter l'ail et cuire en remuant jusqu'à ce qu'il soit parfumé, 1 à 2 minutes.",
      "Ajouter les tomates hachées, les flocons de piment rouge, l'assaisonnement italien et le sel et le poivre au goût.",
      "Porter à ébullition et cuire pendant 5 minutes.",
      "Retirer du feu et ajouter le basilic haché.",
      "Égoutter les pâtes et les ajouter à la sauce.",
      "Garnir de flocons de Parmigiano-Reggiano et de plus de basilic et servir chaud."
    ]
  },
  {
    "id": "teriyaki-au-poulet",
    "nom": "Teriyaki au poulet",
    "type": "plat",
    "tempsPreparation": 18,
    "tempsCuisson": 30,
    "personnes": 4,
    "image": "https://www.themealdb.com/images/media/meals/wvwvsu1511786158.jpg",
    "ingredients": [
      {
        "nom": "Sauce soja",
        "quantite": 0.75,
        "unite": "tasse"
      },
      {
        "nom": "Eau",
        "quantite": 0.5,
        "unite": "tasse"
      },
      {
        "nom": "Cassonade",
        "quantite": 0.25,
        "unite": "tasse"
      },
      {
        "nom": "Miel",
        "quantite": 1.0,
        "unite": "cuillère à soupe"
      },
      {
        "nom": "Vinaigre de riz",
        "quantite": 2.0,
        "unite": "cuillères à soupe"
      },
      {
        "nom": "Ail",
        "quantite": 1.0,
        "unite": "cuillère à soupe"
      },
      {
        "nom": "Gingembre",
        "quantite": 0.5,
        "unite": "cuillère à café"
      },
      {
        "nom": "Fécule de maïs",
        "quantite": 4.0,
        "unite": "cuillères à café"
      },
      {
        "nom": "Poulet",
        "quantite": 2.0,
        "unite": "livres"
      }
    ],
    "etapes": [
      "Préchauffer le four à 425° F.",
      "Dans un petit bol, combiner la sauce soja, l'eau, la cassonade, le miel, le vinaigre, l'ail et le gingembre.",
      "Faire chauffer dans une petite casserole à feu moyen.",
      "Mélanger la fécule de maïs avec 2 cuillères à soupe d'eau et ajouter au mélange de sauce soja.",
      "Porter à ébullition en remuant jusqu'à épaississement.",
      "Placer le poulet dans un plat allant au four et verser une tasse de la sauce dessus.",
      "Retourner pour enrober uniformément.",
      "Cuire au four pendant 30 minutes, en badigeonnant avec plus de sauce toutes les 10 minutes.",
      "Servir chaud avec du riz et des légumes."
    ]
  }
]
